"514","Ibika Branch","RSA",,"2018-03-13 15:54:11","2","YIBIKA801"
"584","Nquma Company","RSA",,"2017-11-27 21:58:41","0","YNQUMA2801"
"592","Oudtshoorn Central","RSA",,"2019-10-11 14:24:55","18","YOUDT5601"
"651","Westlake SDA Company","RSA",,"2018-03-13 16:21:29","1","YWESTL5901"
"662","Zolani Company","RSA",,"2017-11-27 21:58:48","0","YZOLAN4701"
"663","Addo","RSA",,"2020-11-12 09:50:45","3","CADDO4001"
"664","Adelaide","RSA",,"2020-11-09 19:16:30","2","CADELA3701"
"665","Aeroville Branch","RSA",,"2018-03-31 19:21:20","0","CAEROV01"
"666","Algoa Park","RSA",,"2018-06-28 17:35:56","1","CALGOA5201"
"667","Alice","RSA",,"2020-11-12 09:29:19","1","CALICE3701"
"668","Aliwal North","RSA",,"2018-03-31 19:21:20","0","CALIWA1201"
"669","All Nations Campus","RSA",,"2019-07-14 17:16:46","16","CALLNA2601"
"670","Amalinda","RSA",,"2018-03-31 19:21:20","0","CAMALI1501"
"671","Aphendale","RSA",,"2020-11-12 09:41:26","2","CAPHEN1501"
"672","Area Of Commision (aoc)","RSA",,"2018-03-31 19:21:20","0","CAREAO01"
"673","Arise And Shine Church","RSA",,"2018-03-31 19:21:20","0","CARISE1301"
"674","Ariyile Church","RSA",,"2018-03-31 19:21:20","0","CARIYELI01"
"675","Ashton","RSA",,"2020-11-12 09:48:17","1","CASHTO701"
"676","Athlone","RSA",,"2018-03-31 19:21:20","0","CATHLO1101"
"677","Atlantis","RSA",,"2019-05-15 15:09:03","1","CATLAN6101"
"679","Badibanise Church","RSA",,"2020-11-12 09:56:16","1","CBADIB01"
"680","Balasi Church","RSA",,"2018-03-31 19:21:20","0","CBALAS01"
"681","Barcelona","RSA",,"2018-03-31 19:21:21","0","CBARCE901"
"682","Barkley West","RSA",,"2020-11-12 10:10:45","1","CBARKL3001"
"683","Bathurst","RSA",,"2018-03-31 19:21:21","0","CBATHU201"
"684","Bavumeleni","RSA",,"2020-11-12 09:38:05","1","CBAVUM201"
"685","Bay View Church","RSA",,"2018-03-31 19:21:21","0","CBAYVI3501"
"686","Beaconsfield Church (national Monument)","RSA",,"2018-03-31 19:21:21","0","CBEACO01"
"687","Bedford","RSA",,"2018-03-31 19:21:21","0","CBEDFO2501"
"688","Belhar","RSA",,"2018-03-31 19:21:21","0","CBELHA4301"
"689","Bellville","RSA",,"2018-03-31 19:21:21","0","CBELLV4301"
"690","Beracah Church","RSA",,"2018-03-31 19:21:21","0","CBERAC01"
"691","Berlin","RSA",,"2018-03-31 19:21:21","0","CBERLI1601"
"692","Bethanie","RSA",,"2018-03-31 19:21:21","0","CBETHA4001"
"693","Bethesda","RSA",,"2018-03-31 19:21:21","0","CBETHE4001"
"694","Bethelsdorp","RSA",,"2018-03-31 19:21:21","0","CBETHE5101"
"695","Bethel","RSA",,"2018-03-31 19:21:21","0","CBETHE801"
"696","Bisho","RSA",,"2018-03-31 19:21:21","0","CBISHO3301"
"697","Bizana","RSA",,"2018-03-31 19:21:21","0","CBIZAN1301"
"698","Blackheath","RSA",,"2018-03-31 19:21:21","0","CBLACK2001"
"699","Blessed Hope","RSA",,"2018-03-31 19:21:21","0","CBLESS1701"
"700","Bonteheuwel","RSA",,"2018-03-31 19:21:21","0","CBONTE1001"
"701","Brackenfell","RSA",,"2018-03-31 19:21:21","0","CBRACK501"
"702","Bredasdorp","RSA",,"2018-03-31 19:21:21","0","CBREDA4601"
"703","Britstown","RSA",,"2018-03-31 19:21:21","0","CBRITS2901"
"704","Brooksnek","RSA",,"2018-03-31 19:21:21","0","CBROOK1301"
"705","Brooklyn","RSA",,"2018-03-31 19:21:22","0","CBROOK501"
"706","Bumbane","RSA",,"2018-03-31 19:21:22","0","CBUMBA101"
"707","Butterworth Central","RSA",,"2018-03-31 19:21:22","0","CBUTTE801"
"708","Cala","RSA",,"2018-03-31 19:21:22","0","CCALA401"
"709","Caledon Church","RSA",,"2018-03-31 19:21:22","0","CCALED4601"
"710","Calvinia","RSA",,"2018-03-31 19:21:22","0","CCALVI6501"
"711","Calvinia","RSA",,"2018-03-31 19:21:22","0","CCALVI651"
"712","Cambridge","RSA",,"2018-06-07 17:19:25","18","CCAMBR1401"
"713","Cancele","RSA",,"2018-03-31 19:21:22","0","CCANCE101"
"714","Cape Central Church (sea Point)","RSA",,"2018-03-31 19:21:22","0","CCAPEC501"
"715","Cape Conference Church","RSA",,"2018-03-31 19:21:22","0","CCAPEC6701"
"716","Cathcart","RSA",,"2018-03-31 19:21:22","0","CCATHC2201"
"717","Cegcuwana","RSA",,"2018-03-31 19:21:22","0","CCEGCU801"
"718","Ceres","RSA",,"2018-03-31 19:21:22","0","CCERES701"
"719","Chalumna Church","RSA",,"2018-03-31 19:21:22","0","CCHALU1501"
"720","Cholwane","RSA",,"2018-03-31 19:21:22","0","CCHOLW101"
"721","Cisira Company","RSA",,"2018-03-31 19:21:22","0","CCISIRE01"
"722","Claremont","RSA",,"2018-03-31 19:21:22","0","CCLARE5901"
"723","Colesberg","RSA",,"2018-03-31 19:21:22","0","CCOLES2901"
"724","Combined Churches","RSA",,"2018-03-31 19:21:22","0","CCOMBI01"
"725","Conville","RSA",,"2018-03-31 19:21:22","0","CCONVI5601"
"726","Cweraland (macwerheni)","RSA",,"2018-03-31 19:21:22","0","CCWERA1901"
"727","Daku","RSA",,"2018-03-31 19:21:22","0","CDAKU301"
"728","Daluxolo","RSA",,"2018-03-31 19:21:22","0","CDALUX3501"
"729","Dangwana Church","RSA",,"2018-03-31 19:21:22","0","CDANGW1901"
"730","Danielskuil","RSA",,"2018-03-31 19:21:22","0","CDANIE3001"
"731","Dassie","RSA",,"2018-03-31 19:21:22","0","CDASSI4801"
"732","De Doorns","RSA",,"2018-03-31 19:21:22","0","CDE DO701"
"733","Debenek Sda Church","RSA",,"2018-03-31 19:21:22","0","CDEBEN3301"
"734","Delft South","RSA",,"2018-03-31 19:21:22","0","CDELFT421"
"735","Despatch","RSA",,"2018-03-31 19:21:23","0","CDESPA6201"
"736","Diazville Church","RSA",,"2018-03-31 19:21:23","0","CDIAZV01"
"737","Dick","RSA",,"2018-03-31 19:21:23","0","CDICK1701"
"738","Die Eike","RSA",,"2018-03-31 19:21:23","0","CDIEEI6801"
"739","Dimbaza","RSA",,"2018-03-31 19:21:23","0","CDIMBA3301"
"740","Dingelihle","RSA",,"2018-03-31 19:21:23","0","CDINGE301"
"741","District Six Church","RSA",,"2018-03-31 19:21:23","0","CDISTR01"
"742","Douglas","RSA",,"2018-03-31 19:21:23","0","CDOUGL3101"
"743","Driftsands","RSA",,"2018-03-31 19:21:23","0","CDRIFT5301"
"744","Dubana","RSA",,"2018-03-31 19:21:23","0","CDUBAN1701"
"745","Dulcie's Nek","RSA",,"2018-03-31 19:21:23","0","CDULCI1201"
"746","Dunoon","RSA",,"2018-03-31 19:21:23","0","CDUNOO1001"
"747","Durbanville","RSA",,"2018-03-31 19:21:23","0","CDURBA4401"
"748","East Bank Church","RSA",,"2018-03-31 19:21:23","0","CEASTB01"
"749","East London Central","RSA",,"2018-03-31 19:21:23","0","CEASTL1502"
"750","Ebenezer","RSA",,"2018-03-31 19:21:23","0","CEBENE1601"
"751","Eden (victoria Bay)","RSA",,"2018-03-31 19:21:23","0","CEDEN01"
"752","Eerste River","RSA",,"2018-03-31 19:21:23","0","CEERST2001"
"753","Ekuphumleni","RSA",,"2018-03-31 19:21:23","0","CEKUPH2201"
"754","Elim","RSA",,"2018-03-31 19:21:23","0","CELIM5601"
"755","Elityeni","RSA",,"2018-03-31 19:21:23","0","CELITY1301"
"756","Elsies River","RSA",,"2019-09-18 22:17:37","66","CELSIE4201"
"757","Eluhabe","RSA",,"2018-03-31 19:21:24","0","CELUHA3901"
"758","Elukhanyisweni","RSA",,"2018-03-31 19:21:24","0","CELUKH5201"
"759","Eluvuyweni","RSA",,"2018-03-31 19:21:24","0","CELUVU5201"
"760","Emmanuel","RSA",,"2018-03-31 19:21:24","0","CEMMAN3001"
"761","Emmanuel","RSA",,"2018-03-31 19:21:24","0","CEMMAN5201"
"762","Emnqophisweni","RSA",,"2018-03-31 19:21:24","0","CEMNQO3801"
"763","Enoloyiso","RSA",,"2018-03-31 19:21:24","0","CENOLO6201"
"764","Enyanisweni","RSA",,"2018-03-31 19:21:24","0","CENYAN2201"
"765","Esikobeni","RSA",,"2018-03-31 19:21:24","0","CESIKO3301"
"766","Esselen Park","RSA",,"2018-03-31 19:21:24","0","CESSEL701"
"767","Ezibeleni","RSA",,"2018-03-31 19:21:24","0","CEZIBE2201"
"768","Factreton","RSA",,"2018-03-31 19:21:24","0","CFACTR6601"
"769","Feni","RSA",,"2018-03-31 19:21:24","0","CFENI4701"
"770","Figrove","RSA",,"2018-03-31 19:21:24","0","CFIGRO2001"
"771","Fish Hoek","RSA",,"2018-07-13 22:38:30","31","CFISHH5901"
"772","Fort Beaufort","RSA",,"2018-03-31 19:21:24","0","CFORTB3701"
"773","Fort Beaufort Central","RSA",,"2018-03-31 19:21:24","0","CFORTB3702"
"774","Franschoek","RSA",,"2018-03-31 19:21:24","0","CFRANS601"
"775","Gaga","RSA",,"2018-03-31 19:21:24","0","CGAGA3701"
"776","Gcinisa","RSA",,"2018-03-31 19:21:24","0","CGCINI4701"
"777","Gilead Church","RSA",,"2018-03-31 19:21:24","0","CGILEA301"
"778","Ginsberg","RSA",,"2018-03-31 19:21:24","0","CGINSB3301"
"779","Goodwood","RSA",,"2018-03-31 19:21:24","0","CGOODW6601"
"780","Grabouw","RSA",,"2018-03-31 19:21:24","0","CGRABO4601"
"781","Grahamstown","RSA",,"2018-03-31 19:21:24","0","CGRAHA2501"
"782","Grassy Park","RSA",,"2019-05-15 20:09:03","2","CGRASS5801"
"783","Greenbushes","RSA",,"2018-03-31 19:21:24","0","CGREEN301"
"784","Gugulethu Church","RSA",,"2018-03-31 19:21:24","0","CGUGUL01"
"785","Gura","RSA",,"2018-03-31 19:21:24","0","CGURA1901"
"786","Hala","RSA",,"2018-03-31 19:21:25","0","CHALA3701"
"787","Hamburg","RSA",,"2018-03-31 19:21:25","0","CHAMBU4701"
"788","Harare","RSA",,"2018-03-31 19:21:25","0","CHARAR1801"
"789","Hartenbos","RSA",,"2018-03-31 19:21:25","0","CHARTE5501"
"790","Hartswater","RSA",,"2018-03-31 19:21:25","0","CHARTS3201"
"791","Hebron","RSA",,"2018-03-31 19:21:25","0","CHEBRO1601"
"792","Heideveld","RSA",,"2019-05-16 09:59:59","1","CHEIDE1001"
"793","Heinz Park","RSA",,"2018-03-31 19:21:25","0","CHEINZ5701"
"794","Helderzict","RSA",,"2018-03-31 19:21:25","0","CHELDE2001"
"795","Helderberg","RSA",,"2019-04-29 12:08:16","100","CHELDE2601"
"796","Helenvale","RSA",,"2018-03-31 19:21:25","0","CHELEN5101"
"797","Henkries Group","RSA",,"2018-03-31 19:21:25","0","CHENKR4101"
"798","Hermanus","RSA",,"2018-03-31 19:21:25","0","CHERMA4601"
"799","Hillcrest School Com","RSA",,"2018-03-31 19:21:25","0","CHILLC5901"
"800","Hillside","RSA",,"2018-03-31 19:21:25","0","CHILLS3701"
"801","Hlabathi","RSA",,"2018-03-31 19:21:25","0","CHLABA2101"
"802","Hofisi","RSA",,"2018-03-31 19:21:25","0","CHOFIS101"
"803","Hohobeng","RSA",,"2018-03-31 19:21:25","0","CHOHOB1201"
"804","Holy Cross","RSA",,"2018-03-31 19:21:25","0","CHOLY2101"
"805","Homevale","RSA",,"2018-07-06 17:35:58","1","CHOMEV3001"
"806","Hopedale","RSA",,"2018-03-31 19:21:25","0","CHOPED401"
"807","Hout Bay","RSA",,"2018-06-16 16:41:54","6","CHOUTB5901"
"808","Humansdorp","RSA",,"2018-03-31 19:22:52","0","CHUMAN01"
"809","Idutywa","RSA",,"2018-03-31 19:21:26","0","CIDUTY2801"
"810","Ikhwezi","RSA",,"2018-03-31 19:21:26","0","CIKHWE4001"
"811","Ilinge","RSA",,"2018-03-31 19:21:26","0","CILING2201"
"812","Ilitha Park","RSA",,"2018-07-19 10:08:52","2","CILITH1801"
"813","Ilitha","RSA",,"2018-03-31 19:21:26","0","CILITH3301"
"814","Inkosiyeza","RSA",,"2018-03-31 19:21:26","0","CINKOSI01"
"815","Jeffreys Bay","RSA",,"2018-03-31 19:21:26","0","CJEFFR4901"
"816","Jojweni","RSA",,"2018-03-31 19:21:26","0","CJOJWE801"
"817","Joza","RSA",,"2018-03-31 19:21:26","0","CJOZA201"
"818","Kabega Park","RSA",,"2018-03-31 19:21:26","0","CKABEG5001"
"819","Kakamas (bethesda)","RSA",,"2018-03-31 19:21:26","0","CKAKAMN01"
"820","Kalikeni","RSA",,"2018-03-31 19:21:26","0","CKALIK4801"
"821","Kamvelihle","RSA",,"2018-03-31 19:21:26","0","CKAMVE4001"
"822","Kathu","RSA",,"2018-03-31 19:21:26","0","CKATHU2301"
"823","Keimoes","RSA",,"2018-03-31 19:21:26","0","CKEIMO2401"
"824","Keiskammahoek","RSA",,"2018-03-31 19:21:26","0","CKEISK3301"
"825","Kensington","RSA",,"2018-11-05 16:11:06","4","CKENSI4501"
"826","Kentononsea","RSA",,"2018-03-31 19:21:26","0","CKENTO201"
"827","Khanyisa","RSA",,"2018-03-31 19:21:26","0","CKHANY201"
"828","Khanya","RSA",,"2018-03-31 19:21:26","0","CKHANY5201"
"829","Khayalethu-hala","RSA",,"2018-03-31 19:21:26","0","CKHAYA3701"
"830","Khayamnandi","RSA",,"2018-03-31 19:21:26","0","CKHAYA601"
"831","Khayalethu","RSA",,"2018-03-31 19:21:26","0","CKHAYA901"
"832","Khayelitsha","RSA",,"2018-03-31 19:21:27","0","CKHAYE1801"
"833","Khayelihle","RSA",,"2018-03-31 19:21:27","0","CKHAYE4001"
"834","Kimberley Central Church","RSA",,"2018-03-31 19:21:27","0","CKIMBE01"
"835","King Williams Town","RSA",,"2018-03-31 19:21:27","0","CKINGW3301"
"836","Kokstad","RSA",,"2018-03-31 19:21:27","0","CKOKST1301"
"837","Korsten","RSA",,"2018-03-31 19:21:27","0","CKORST5101"
"838","Kowie Park","RSA",,"2018-03-31 19:21:27","0","CKOWIE2501"
"839","Kraaifontein","RSA",,"2018-10-09 09:58:27","4","CKRAAI4301"
"840","Kuils River","RSA",,"2018-03-31 19:21:27","0","CKUILS4301"
"841","Kukhanyile","RSA",,"2018-03-31 19:21:27","0","CKUKHA5301"
"842","Kwamagxaki","RSA",,"2018-03-31 19:21:27","0","CKWAMA5201"
"843","Kwanobuhle Church","RSA",,"2018-03-31 19:21:27","0","CKWANO16201"
"844","Kwanoxolo","RSA",,"2018-03-31 19:21:27","0","CKWANO4001"
"845","Kwa Nonqaba","RSA",,"2018-03-31 19:21:27","0","CKWANO5401"
"846","Kwanokuthula Sda Church","RSA",,"2018-03-31 19:21:27","0","CKWANO5402"
"847","Kwanolumanyano","RSA",,"2018-03-31 19:21:27","0","CKWANO6201"
"848","Kwelera","RSA",,"2018-03-31 19:21:27","0","CKWELE1501"
"849","Ladismith","RSA",,"2018-03-31 19:21:27","0","CLADIS3401"
"850","Lady Frere Company","RSA",,"2018-03-31 19:21:27","0","CLADYF2201"
"851","Landsdowne","RSA",,"2018-03-31 19:21:27","0","CLANDS5901"
"852","Langa","RSA",,"2018-03-31 19:21:27","0","CLANGA1001"
"853","Langkloof","RSA",,"2018-07-09 17:59:47","1","CLANGK3601"
"854","Lansdowne","RSA",,"2019-05-14 20:27:50","5","CLANSD5901"
"855","Lavis Town","RSA",,"2018-03-31 19:21:28","0","CLAVIS4201"
"856","Lingelihle","RSA",,"2018-03-31 19:21:28","0","CLINGE4001"
"857","Living Hope Church","RSA",,"2018-03-31 19:21:28","0","CLIVIN01"
"858","Loeriepark","RSA",,"2019-08-26 12:35:25","84","CLOERI5501"
"859","Lotus River","RSA",,"2018-03-31 19:21:28","0","CLOTUS5801"
"860","Lower Mgwalana","RSA",,"2018-03-31 19:21:28","0","CLOWER4701"
"861","Loyiso","RSA",,"2018-03-31 19:21:28","0","CLOYIS1801"
"862","Lubacweni","RSA",,"2018-03-31 19:21:28","0","CLUBAC1901"
"863","Lukhanyiso","RSA",,"2018-03-31 19:21:28","0","CLUKHA5401"
"864","Lukhanyo","RSA",,"2018-03-31 19:21:28","0","CLUKHA901"
"865","Lusanda","RSA",,"2018-03-31 19:21:28","0","CLUSAN1001"
"866","Lusikisiki","RSA",,"2018-03-31 19:21:28","0","CLUSIK1701"
"867","Lusindiso Church","RSA",,"2018-03-31 19:21:28","0","CLUSIN16201"
"868","Luthando Church","RSA",,"2018-03-31 19:21:28","0","CLUTHA1801"
"869","Luvuyo Sda Church","RSA",,"2018-03-31 19:21:28","0","CLUVUY671"
"870","Luxolo Church","RSA",,"2018-03-31 19:21:28","0","CLUXOL1801"
"871","Luyolo","RSA",,"2018-03-31 19:21:28","0","CLUYOL901"
"872","Luzuko Church","RSA",,"2018-03-31 19:21:28","0","CLUZUK901"
"873","Lwandle","RSA",,"2018-03-31 19:21:28","0","CLWAND2701"
"874","Lwazi","RSA",,"2018-03-31 19:21:28","0","CLWAZI5201"
"875","Macassar","RSA",,"2018-03-31 19:21:28","0","CMACAS2001"
"876","Maclear","RSA",,"2018-03-31 19:21:28","0","CMACLE401"
"877","Makhaya","RSA",,"2018-03-31 19:21:28","0","CMAKHA5301"
"878","Makuzeni","RSA",,"2018-03-31 19:21:29","0","CMAKUZ3701"
"879","Malmesbury","RSA",,"2018-03-31 19:21:29","0","CMALME6101"
"880","Maluti","RSA",,"2018-03-31 19:21:29","0","CMALUT3801"
"881","Mandileni Sigungeni Bra","RSA",,"2018-03-31 19:21:29","0","CMANDI101"
"882","Manenberg","RSA",,"2018-03-31 19:21:29","0","CMANEN1001"
"883","Maranatha","RSA",,"2018-03-31 19:21:29","0","CMARAN1601"
"884","Masakhane Jamestown Com","RSA",,"2018-03-31 19:21:29","0","CMASAK1201"
"885","Masele Company","RSA",,"2018-03-31 19:21:29","0","CMASEL201"
"886","Matatiele Central Compa","RSA",,"2018-03-31 19:21:29","0","CMATAT3801"
"887","Mateko","RSA",,"2018-03-31 19:21:29","0","CMATEK1701"
"888","Maxhengweni","RSA",,"2018-03-31 19:21:29","0","CMAXHE101"
"889","Mbasa","RSA",,"2018-03-31 19:21:29","0","CMBASA901"
"890","Mbekweni","RSA",,"2018-03-31 19:21:29","0","CMBEKW601"
"891","Mcnaughton","RSA",,"2018-03-31 19:21:29","0","CMCNAU6201"
"892","Mcwabantsasa","RSA",,"2018-03-31 19:21:29","0","CMCWAB17"
"893","Mdantsane Nu1","RSA",,"2018-03-31 19:21:29","0","CMDANT1601"
"894","Mdumazulu","RSA",,"2018-03-31 19:21:29","0","CMDUMA2101"
"895","Melani","RSA",,"2018-03-31 19:21:29","0","CMELAN3701"
"896","Mfuleni","RSA",,"2018-03-31 19:21:29","0","CMFULE5301"
"897","Mfundisweni","RSA",,"2018-03-31 19:21:29","0","CMFUND1301"
"898","Mgezwa","RSA",,"2018-03-31 19:21:29","0","CMGEZW1701"
"899","Mgwalana","RSA",,"2018-03-31 19:21:29","0","CMGWAL4701"
"900","Middle Terrace","RSA",,"2018-03-31 19:21:29","0","CMIDDL2501"
"901","Mitchell's Plain","RSA",,"2018-03-31 19:21:29","0","CMITCH5701"
"902","Mizpah","RSA",,"2018-03-31 19:21:29","0","CMIZPA1601"
"903","Mizra","RSA",,"2018-03-31 19:21:29","0","CMIZRA801"
"904","Mkhamela","RSA",,"2018-03-31 19:21:30","0","CMKHAM2101"
"905","Mlenze","RSA",,"2018-03-31 19:21:30","0","CMLENZ101"
"906","Mngciphongweni","RSA",,"2018-03-31 19:21:30","0","CMNGCI1901"
"907","Mngqesha","RSA",,"2018-03-31 19:21:30","0","CMNGQE3301"
"908","Mntwana Sda Church","RSA",,"2018-03-31 19:21:30","0","CMNTWA01"
"909","Monte-vista","RSA",,"2018-03-31 19:21:30","0","CMONTE1001"
"910","Monti","RSA",,"2018-03-31 19:21:30","0","CMONTI1301"
"911","Moorreesburg","RSA",,"2018-06-04 15:20:42","1","CMOORR6401"
"912","Mossel Bay","RSA",,"2018-03-31 19:21:30","0","CMOSSE5401"
"913","Motherwell","RSA",,"2018-03-31 19:21:30","0","CMOTHE4001"
"914","Mount Fletcher","RSA",,"2018-03-31 19:21:30","0","CMOUNT3801"
"915","Mowbray","RSA",,"2018-03-31 19:21:30","0","CMOWBR5901"
"916","Moyeni","RSA",,"2018-03-31 19:21:30","0","CMOYEN1901"
"917","Mpendle","RSA",,"2018-03-31 19:21:30","0","CMPEND101"
"918","Mseki","RSA",,"2018-03-31 19:21:30","0","CMSEKI901"
"919","Mseleni","RSA",,"2018-03-31 19:21:30","0","CMSELE2101"
"920","Msombomvu","RSA",,"2018-03-31 19:21:30","0","CMSOMB801"
"921","Mt Frere Central","RSA",,"2018-03-31 19:21:30","0","CMTFRE1901"
"922","Mthatha West","RSA",,"2018-03-31 19:23:46","0","CMTHAT01"
"923","Mthontsasa","RSA",,"2018-03-31 19:21:30","0","CMTHON2101"
"924","Mtshazi","RSA",,"2018-03-31 19:21:30","0","CMTSHA1901"
"925","Musong","RSA",,"2018-03-31 19:21:30","0","CMUSON1201"
"926","Mvuzi","RSA",,"2018-03-31 19:21:30","0","CMVUZI1901"
"927","Mxaxo","RSA",,"2018-03-31 19:21:30","0","CMXAXO3301"
"928","Mzamomhle","RSA",,"2018-03-31 19:21:30","0","CMZAMO5201"
"929","Mzantsi (butterworth)","RSA",,"2018-03-31 19:21:31","0","CMZANT801"
"930","Nahoon","RSA",,"2019-05-15 22:15:30","54","CNAHOO1401"
"931","Nazareth","RSA",,"2018-03-31 19:21:31","0","CNAZAR301"
"932","Ncambedlana","RSA",,"2018-03-31 19:21:31","0","CNCAMB6301"
"933","Ndakana","RSA",,"2018-03-31 19:21:31","0","CNDAKA3301"
"934","Ndzebe","RSA",,"2018-03-31 19:21:31","0","CNDZEB6301"
"935","Ndzondeni","RSA",,"2018-03-31 19:21:31","0","CNDZON2101"
"936","Ndzondelelo","RSA",,"2018-03-31 19:21:31","0","CNDZON5301"
"937","New Brighton","RSA",,"2018-03-31 19:21:31","0","CNEWBR301"
"938","Newfields","RSA",,"2018-03-31 19:21:31","0","CNEWFI1101"
"939","New Town","RSA",,"2018-03-31 19:21:31","0","CNEWTO01"
"940","Newton","RSA",,"2018-03-31 19:21:31","0","CNEWTO601"
"941","Ngangelizwe","RSA",,"2018-03-31 19:21:31","0","CNGANG6301"
"942","Ngcamngeni","RSA",,"2018-03-31 19:21:31","0","CNGCAM3301"
"943","Ngcobo","RSA",,"2018-03-31 19:21:31","0","CNGCOB401"
"944","Ngculu","RSA",,"2018-06-06 18:37:30","2","CNGCUL801"
"945","Ngqutu","RSA",,"2018-03-31 19:21:31","0","CNGQUT801"
"946","Nguse","RSA",,"2018-03-31 19:21:31","0","CNGUSE1901"
"947","Ngwane","RSA",,"2018-03-31 19:21:31","0","CNGWAN2801"
"948","Njijini","RSA",,"2018-03-31 19:21:31","0","CNJIJI101"
"949","Njwaxa","RSA",,"2018-03-31 19:21:31","0","CNJWAX3701"
"950","Nkaukazi","RSA",,"2018-03-31 19:21:31","0","CNKAUK6301"
"951","Nkululekweni","RSA",,"2018-03-31 19:21:31","0","CNKULU2101"
"952","Nkungwini","RSA",,"2018-03-31 19:21:31","0","CNKUNG101"
"953","Nmmu (sdasm) Group","RSA",,"2018-03-31 19:21:31","0","CNMMUS301"
"954","Nonzwakazi","RSA",,"2018-03-31 19:21:32","0","CNONZW2901"
"955","Northpine","RSA",,"2018-03-31 19:21:32","0","CNORTH4301"
"956","Nqalweni","RSA",,"2018-03-31 19:21:32","0","CNQALW101"
"957","Ntandathu","RSA",,"2018-03-31 19:21:32","0","CNTAND801"
"958","Ntlenzi","RSA",,"2018-03-31 19:21:32","0","CNTLEN1301"
"959","Ntloko","RSA",,"2018-03-31 19:21:32","0","CNTLOK4801"
"960","Ntselamanzi","RSA",,"2018-03-31 19:21:32","0","CNTSEL3701"
"961","Ntsimbini","RSA",,"2018-03-31 19:21:32","0","CNTSIM1701"
"962","Ntunjeni","RSA",,"2018-03-31 19:21:32","0","CNTUNJ1301"
"963","Nyanga East","RSA",,"2018-03-31 19:21:32","0","CNYANG901"
"964","Nyaniso","RSA",,"2018-03-31 19:21:32","0","CNYANI4701"
"965","Ocean View","RSA",,"2018-03-31 19:21:32","0","COCEAN5801"
"966","Orania","RSA",,"2018-03-31 19:21:32","0","CORANI3101"
"967","Old Time Religion (o.t.r)","RSA",,"2018-03-31 19:21:32","0","COTRCH01"
"968","Oudtshoorn - Bridgton","RSA",,"2018-03-31 19:21:32","0","COUDTS5601"
"969","Paarl East (oos)","RSA",,"2018-03-31 19:21:32","0","CPAARL01"
"970","Paarl Central","RSA",,"2019-06-30 12:24:01","2","CPAARL4401"
"971","Paballelo","RSA",,"2018-03-31 19:21:32","0","CPABAL2401"
"972","Palmerton","RSA",,"2018-03-31 19:21:32","0","CPALME1701"
"973","Paradise","RSA",,"2018-03-31 19:21:32","0","CPARAD4701"
"974","Parkside","RSA",,"2018-06-10 11:17:56","2","CPARKS1501"
"975","Parow","RSA",,"2018-06-18 20:39:36","37","CPAROW4401"
"976","Peddie","RSA",,"2018-03-31 19:21:32","0","CPEDDI4701"
"977","Pen Hoek","RSA",,"2018-03-31 19:21:32","0","CPEN H1201"
"978","Peniyeli","RSA",,"2018-03-31 19:21:32","0","CPENIY1601"
"979","Penuel","RSA",,"2018-03-31 19:21:32","0","CPENUE5201"
"980","Pe West","RSA",,"2019-08-29 11:22:18","3","CPEWES4901"
"981","Phakamisa","RSA",,"2018-03-31 19:21:33","0","CPHAKA3301"
"982","Phakama","RSA",,"2018-03-31 19:21:33","0","CPHAKA5101"
"983","Phaphama","RSA",,"2018-03-31 19:21:33","0","CPHAPH3901"
"984","Phillipi","RSA",,"2018-03-31 19:21:33","0","CPHILL901"
"985","Rhodes University","RSA",,"2018-03-31 19:21:33","0","CPHODE2501"
"986","Pisgah","RSA",,"2018-03-31 19:21:33","0","CPISGA1601"
"987","Plumstead","RSA",,"2018-03-31 19:21:33","0","CPLUMS5901"
"988","Polile","RSA",,"2018-03-31 19:21:33","0","CPOLIL3801"
"989","Pondomise Ridge","RSA",,"2018-03-31 19:21:33","0","CPONDO101"
"990","Port Alfred","RSA",,"2018-03-31 19:21:33","0","CPORTA201"
"991","Potsdam","RSA",,"2018-03-31 19:21:33","0","CPOTSD1601"
"992","Prieska","RSA",,"2018-03-31 19:21:33","0","CPRIES2901"
"993","Progress","RSA",,"2018-03-31 19:21:33","0","CPROGR2401"
"994","Qakazana","RSA",,"2018-03-31 19:21:33","0","CQAKAZ2801"
"995","Qhemerha","RSA",,"2018-03-31 19:21:33","0","CQHEME1201"
"996","Qoqodala","RSA",,"2018-03-31 19:21:33","0","CQOQOD2201"
"997","Queenstown","RSA",,"2018-03-31 19:21:33","0","CQUEEN2201"
"998","Queenstown Central","RSA",,"2018-03-31 19:21:33","0","CQUEEN2202"
"999","Qukanca","RSA",,"2018-03-31 19:21:33","0","CQUKAN101"
"1000","Qumbu","RSA",,"2018-03-31 19:21:33","0","CQUMBU191"
"1001","Ramafole","RSA",,"2018-03-31 19:21:33","0","CRAMAF3801"
"1002","Ravensmead","RSA",,"2018-03-31 19:21:33","0","CRAVEN4201"
"1003","Retreat","RSA",,"2018-03-31 19:21:33","0","CRETRE5801"
"1004","Rhini","RSA",,"2018-09-05 14:59:55","2","CRHINI201"
"1005","Richmond","RSA",,"2018-03-31 19:21:33","0","CRICHM2901"
"1006","Riverside","RSA",,"2019-05-24 13:58:31","2","CRIVER1101"
"1007","Riversdale","RSA",,"2018-03-31 19:21:33","0","CRIVER3401"
"1008","Riviersonderend Church","RSA",,"2018-03-31 19:21:33","0","CRIVIERSONDEREN"
"1009","Robertson","RSA",,"2018-03-31 19:21:34","0","CROBER701"
"1010","Rocklands","RSA",,"2018-03-31 19:21:34","0","CROCKL5701"
"1011","Roodepan Church","RSA",,"2018-03-31 19:21:34","0","CROODE3001"
"1012","Rosedale/uitenhage","RSA",,"2018-03-31 19:21:34","0","CROSED4901"
"1013","Rosedale","RSA",,"2018-03-31 19:21:34","0","CROSED6301"
"1014","Rosemore","RSA",,"2018-03-31 19:21:34","0","CROSEM5601"
"1015","Rwantsana","RSA",,"2018-03-31 19:21:34","0","CRWANT801"
"1016","Sada","RSA",,"2018-03-31 19:21:34","0","CSADA2201"
"1017","Sakhekile","RSA",,"2018-03-31 19:21:34","0","CSAKHE3701"
"1018","Salt Pan","RSA",,"2018-03-31 19:21:34","0","CSALTP301"
"1019","Salt River","RSA",,"2018-03-31 19:21:34","0","CSALTR6601"
"1020","Sanctor","RSA",,"2019-07-14 13:53:25","2","CSANCT5101"
"1021","Saron","RSA",,"2018-03-31 19:21:34","0","CSARON6101"
"1022","Scenery Park","RSA",,"2018-03-31 19:21:34","0","CSCENE1501"
"1023","Sea Point","RSA",,"2018-03-31 19:21:34","0","CSEAPO501"
"1024","Sea View","RSA",,"2018-03-31 19:21:34","0","CSEAVI1301"
"1025","Senkunzi","RSA",,"2018-03-31 19:21:34","0","CSENKU1901"
"1026","Sesbrugge","RSA",,"2018-03-31 19:21:34","0","CSESBR2401"
"1027","Seyise","RSA",,"2018-03-31 19:21:34","0","CSEYIS301"
"1028","Shawbury","RSA",,"2018-03-31 19:21:34","0","CSHAWB1901"
"1029","Shekinah","RSA",,"2018-03-31 19:21:34","0","CSHEKI301"
"1030","Shilo","RSA",,"2018-03-31 19:21:34","0","CSHILO3701"
"1031","Sibabalwe","RSA",,"2018-03-31 19:21:34","0","CSIBAB4701"
"1032","Sikelweni","RSA",,"2018-03-31 19:21:34","0","CSIKEL1301"
"1033","Silowa Church","RSA",,"2018-03-31 19:21:34","0","CSILOW4001"
"1034","Silverleaf","RSA",,"2018-07-10 09:15:16","40","CSILVE2601"
"1035","Silversands","RSA",,"2018-03-31 19:21:34","0","CSILVE4301"
"1036","Simanye Church","RSA",,"2018-03-31 19:21:34","0","CSIMAN5301"
"1037","Sinethemba","RSA",,"2018-03-31 19:21:35","0","CSINET5201"
"1038","Sinethemba","RSA",,"2018-03-31 19:21:35","0","CSINET901"
"1039","Siphaqeni","RSA",,"2018-03-31 19:21:35","0","CSIPHA2101"
"1040","Sithangameni","RSA",,"2018-03-31 19:21:35","0","CSITHA1901"
"1041","Siyahlala","RSA",,"2018-03-31 19:21:35","0","CSIYAH1801"
"1042","Someleze Church","RSA",,"2018-03-31 19:21:35","0","CSOMEL5401"
"1043","Somerset West","RSA",,"2018-03-31 19:21:35","0","CSOMER2701"
"1044","Somerset East","RSA",,"2018-03-31 19:21:35","0","CSOMER3901"
"1045","South Hills","RSA",,"2019-05-23 13:55:30","1","CSOUTH5001"
"1046","Springbok/concordia","RSA",,"2018-03-31 19:21:35","0","CSPRIN4101"
"1047","Springdale","RSA",,"2018-03-31 19:21:35","0","CSPRIN5101"
"1048","Square Hill Park","RSA",,"2018-03-31 19:21:35","0","CSQUAR3001"
"1049","St Helena Island","RSA",,"2018-03-31 19:21:35","0","CST HE6001"
"1050","Steenberg","RSA",,"2019-05-22 05:41:21","3","CSTEEN5801"
"1051","Sterkspruit","RSA",,"2018-03-31 19:21:35","0","CSTERK1201"
"1052","Strand","RSA",,"2018-03-31 19:21:35","0","CSTRAN2701"
"1053","Strandfontein Church","RSA",,"2018-03-31 19:21:35","0","CSTRAND01"
"1054","Stutterheim","RSA",,"2018-03-31 19:21:35","0","CSTUTT1401"
"1055","Summerpride","RSA",,"2018-03-31 19:21:35","0","CSUMME1501"
"1056","Sunrise","RSA",,"2018-03-31 19:21:35","0","CSUNRI2901"
"1057","Swartkops Valley","RSA",,"2018-03-31 19:21:35","0","CSWART4001"
"1058","Sweet Waters","RSA",,"2018-03-31 19:21:35","0","CSWEET3301"
"1059","Table View","RSA",,"2018-03-31 19:21:35","0","CTABLE501"
"1060","Tafelsig","RSA",,"2018-03-31 19:21:35","0","CTAFEL5701"
"1061","Tafelig","RSA",,"2018-03-31 19:21:35","0","CTAFELW01"
"1062","Teko Springs","RSA",,"2018-03-31 19:21:35","0","CTEKOS801"
"1063","Thembelinoyolo Church","RSA",,"2018-03-31 19:21:35","0","CTHEMB3501"
"1064","Themba","RSA",,"2018-03-31 19:21:35","0","CTHEMB4801"
"1065","Thembelihle","RSA",,"2018-03-31 19:21:36","0","CTHEMB5201"
"1066","Thembelitsha Sda Church","RSA",,"2018-03-31 19:21:36","0","CTHEMB5401"
"1067","Thembalethu","RSA",,"2018-03-31 19:21:36","0","CTHEMB901"
"1068","Tina Hill","RSA",,"2018-03-31 19:21:36","0","CTINAH1901"
"1069","Toleni","RSA",,"2018-03-31 19:21:36","0","CTOLEN1901"
"1070","Tyeni","RSA",,"2018-03-31 19:21:36","0","CTYENI6301"
"1071","Tygerberg","RSA",,"2019-10-02 16:31:18","115","CTYGER4401"
"1072","Ugie Church","RSA",,"2018-03-31 19:21:36","0","CUGIE401"
"1073","Ugie Park","RSA",,"2018-03-31 19:21:36","0","CUGIEP401"
"1074","Uitenhage","RSA",,"2019-07-17 12:20:08","7","CUITEN4901"
"1075","Uitsig","RSA",,"2018-03-31 19:21:36","0","CUITSI4201"
"1076","Umtata Central","RSA",,"2018-03-31 19:21:36","0","CUMTAT6301"
"1077","Umzimkulu","RSA",,"2018-03-31 19:21:36","0","CUMZIM1301"
"1078","Upington","RSA",,"2018-03-31 19:21:36","0","CUPING2301"
"1079","Upper Mission","RSA",,"2018-03-31 19:21:36","0","CUPPER801"
"1080","Veeplaas Church","RSA",,"2018-03-31 19:21:36","0","CVEEPL301"
"1081","Vergenoeg","RSA",,"2018-03-31 19:21:36","0","CVERGE6201"
"1082","Victoria West","RSA",,"2018-03-31 19:21:36","0","CVICTO2901"
"1083","Viedgesville","RSA",,"2018-03-31 19:21:36","0","CVIEDG6301"
"1084","Vineyard Branch","RSA",,"2018-03-31 19:21:36","0","CVINEY601"
"1085","Vredenburg","RSA",,"2018-03-31 19:21:36","0","CVREDE6401"
"1086","Vrendendal North","RSA",,"2018-03-31 19:21:36","0","CVREND6501"
"1087","Vukani","RSA",,"2018-03-31 19:21:36","0","CVUKAN901"
"1088","Vuselela","RSA",,"2018-03-31 19:21:36","0","CVUSEL5301"
"1089","Vuyolwethu Sda Church","RSA",,"2018-03-31 19:21:36","0","CVUYOL4201"
"1090","Walmer","RSA",,"2018-03-31 19:21:36","0","CWALME301"
"1091","Warrenvale","RSA",,"2018-03-31 19:21:36","0","CWARRE3201"
"1092","Welllington Church","RSA",,"2019-02-26 11:59:13","1","CWELLI01"
"1093","Wesley","RSA",,"2018-03-31 19:21:36","0","CWESLE4701"
"1094","West Bank","RSA",,"2018-03-31 19:21:36","0","CWESTB1501"
"1095","Westbourne Road","RSA",,"2018-03-31 19:21:36","0","CWESTB5001"
"1096","Western Suburbs Church","RSA",,"2019-06-04 16:21:25","50","CWESTE301"
"1097","Westville","RSA",,"2018-03-31 19:21:36","0","CWESTV5101"
"1098","Wilgenhoutsdrift","RSA",,"2018-03-31 19:21:37","0","CWILGE2301"
"1099","Willows","RSA",,"2018-03-31 19:21:37","0","CWILLO1201"
"1100","Willowmore","RSA",,"2018-12-05 19:43:07","49","CWILLO3601"
"1101","Woodlands","RSA",,"2018-03-31 19:21:37","0","CWOODL4801"
"1102","Worcester","RSA",,"2018-03-31 19:21:37","0","CWORCE701"
"1103","Wynberg","RSA",,"2018-03-31 19:21:37","0","CWYNBE5901"
"1104","Xhameni","RSA",,"2018-03-31 19:21:37","0","CXHAME1901"
"1105","Xhura","RSA",,"2018-03-31 19:21:37","0","CXHURA1701"
"1106","Xonxa","RSA",,"2018-03-31 19:21:37","0","CXONXA2201"
"1107","Xonyeni","RSA",,"2018-03-31 19:21:37","0","CXONYE2801"
"1108","Zanokhanyo","RSA",,"2018-03-31 19:21:37","0","CZANOK1801"
"1109","Zeloti Church","RSA",,"2018-03-31 19:21:37","0","CZELOT1601"
"1110","Zimbane","RSA",,"2018-03-31 19:21:37","0","CZIMBA6301"
"1111","Zisukhanyo","RSA",,"2018-03-31 19:21:37","0","CZISUK901"
"1112","Zwartwater","RSA",,"2018-03-31 19:21:37","0","CZWART2201"
"1113","Zweledinga","RSA",,"2018-03-31 19:21:37","0","CZWELE4801"
"1114","Zweletemba","RSA",,"2018-03-31 19:21:37","0","CZWELE701"
"1115","Zwelitsha","RSA",,"2018-03-31 19:21:37","0","CZWELI3301"
"1116","Zwelihle","RSA",,"2018-03-31 19:21:37","0","CZWELI4601"
"1117","Adelaide Central","RSA",,"2018-03-31 19:21:37","0","YADELA3701"
"1118","Agape Modise Company","RSA",,"2018-03-31 19:21:37","0","YAGAPE6201"
"1119","Alicedale Company","RSA",,"2018-03-31 19:21:37","0","YALICE201"
"1120","Amasala Company","RSA",,"2018-03-31 19:21:37","0","YAMASA1301"
"1121","Assegaaibos Company","RSA",,"2018-03-31 19:21:37","0","YASSEG201"
"1122","Balfour Company","RSA",,"2018-03-31 19:21:37","0","YBALFO3701"
"1123","Banzi","RSA",,"2018-03-31 19:21:37","0","YBANZI2201"
"1124","Bardale Company","RSA",,"2018-03-31 19:21:37","0","YBARDA5301"
"1125","Barrydale Company","RSA",,"2018-03-31 19:21:37","0","YBARRY3401"
"1126","Bebeza Company","RSA",,"2018-03-31 19:21:38","0","YBEBEZ1201"
"1127","Bedford Company","RSA",,"2018-03-31 19:21:38","0","YBEDFO3701"
"1128","Belezingcuka Company","RSA",,"2018-03-31 19:21:38","0","YBELEZ6301"
"1129","Bell","RSA",,"2018-03-31 19:21:38","0","YBELLC4701"
"1130","Bende Company","RSA",,"2018-03-31 19:21:38","0","YBENDE2801"
"1131","Betheni Branch","RSA",,"2018-03-31 19:21:38","0","YBETHE1901"
"1132","Bezville Branch","RSA",,"2018-03-31 19:21:38","0","YBEZVI3701"
"1133","Bhakubha Branch","RSA",,"2018-03-31 19:21:38","0","YBHAKU1901"
"1134","Binfield Company","RSA",,"2018-03-31 19:21:38","0","YBINFI3701"
"1135","Bongolethu Company","RSA",,"2018-03-31 19:21:38","0","YBONGO5601"
"1136","Bulelani Branch","RSA",,"2018-03-31 19:21:38","0","YBULEL2901"
"1137","Capricorn","RSA",,"2018-03-31 19:21:38","0","YCAPRI5801"
"1138","Chatsworth Branch","RSA",,"2018-03-31 19:21:38","0","YCHATS6101"
"1139","Chelsea Branch","RSA",,"2018-03-31 19:21:38","0","YCHELSEA01"
"1140","Clanwilliam Company","RSA",,"2018-03-31 19:21:38","0","YCLANW6501"
"1141","Cofimvaba","RSA",,"2018-03-31 19:21:38","0","YCOFIM2201"
"1142","Colana Branch","RSA",,"2018-03-31 19:21:38","0","YCOLAN1901"
"1143","Costa Branch","RSA",,"2018-03-31 19:21:38","0","YCOSTA1301"
"1144","Cput Company","RSA",,"2018-03-31 19:21:38","0","YCPUTC1101"
"1145","Ctrusdal Company","RSA",,"2018-03-31 19:21:38","0","YCTRUS6501"
"1146","Cwengcwe Company","RSA",,"2018-03-31 19:21:38","0","YCWENG3301"
"1147","Delft South Company","RSA",,"2018-03-31 19:21:38","0","YDELFT4201"
"1148","Dex Pan Company","RSA",,"2018-03-31 19:21:38","0","YDEXPA101"
"1149","Diphini","RSA",,"2018-03-31 19:21:38","0","YDIPIN2201"
"1150","Dlabanini Company","RSA",,"2018-03-31 19:21:38","0","YDLABA101"
"1151","Duff Company","RSA",,"2018-03-31 19:21:38","0","YDUFFC2801"
"1152","Duncan Village Company","RSA",,"2018-03-31 19:21:38","0","YDUNCA1501"
"1153","Dysselsdorp Company","RSA",,"2018-03-31 19:21:38","0","YDYSSE5601"
"1154","Elandsbaai Branch","RSA",,"2018-03-31 19:21:38","0","YELAND6501"
"1155","Elliot Company","RSA",,"2018-03-31 19:21:38","0","YELLIO401"
"1156","Elukhanyisweni (uitenhage)","RSA",,"2018-03-31 19:21:38","0","YELUKHE01"
"1157","Eluzukweni Branch","RSA",,"2018-03-31 19:21:39","0","YELUZU101"
"1158","Ephraim Church","RSA",,"2018-03-31 19:21:39","0","YEPHRA5201"
"1159","Esinqumeni Company","RSA",,"2018-03-31 19:21:39","0","YESINQ401"
"1160","Extension8 Group","RSA",,"2018-03-31 19:21:39","0","YEXTEN5401"
"1161","Ezityaneni Branch","RSA",,"2018-03-31 19:21:39","0","YEZITY1301"
"1162","Fairview Branch","RSA",,"2018-03-31 19:21:39","0","YFAIRV3801"
"1164","Farm Company","RSA",,"2018-03-31 19:21:39","0","YFARM2101"
"1165","Fort Hare Branch","RSA",,"2018-03-31 19:21:39","0","YFORTH3701"
"1166","Freestone Company","RSA",,"2018-03-31 19:21:39","0","YFREES201"
"1167","Glenmore Company","RSA",,"2018-03-31 19:21:39","0","YGLENM4801"
"1168","Gonubie Company","RSA",,"2018-03-31 19:21:39","0","YGONUB1401"
"1169","Graafreinet Company","RSA",,"2018-03-31 19:21:39","0","YGRAAF3901"
"1170","Greyton Company","RSA",,"2018-03-31 19:21:39","0","YGREYT4601"
"1171","Gwadana Company","RSA",,"2018-03-31 19:21:39","0","YGWADA2801"
"1172","Hlosini Company","RSA",,"2018-03-31 19:21:39","0","YHLOSI4701"
"1173","Hofmeyer","RSA",,"2018-03-31 19:21:39","0","YHOFME3901"
"1174","Hornlee Company","RSA",,"2018-03-31 19:21:39","0","YHORNL5401"
"1175","Hoyi Company","RSA",,"2018-03-31 19:21:39","0","YHOYIC01"
"1177","Jambeni Company","RSA",,"2018-03-31 19:21:39","0","YJAMBE1701"
"1178","Kalankomo Company","RSA",,"2018-03-31 19:21:39","0","YKALAN1901"
"1179","Kanyayo Company","RSA",,"2018-03-31 19:21:39","0","YKANYA2101"
"1180","Khubusi Branch","RSA",,"2018-03-31 19:21:39","0","YKHUBU101"
"1181","Kleinmond Sda Branch","RSA",,"2018-03-31 19:21:39","0","YKLEIN4601"
"1182","Knysna Company","RSA",,"2018-03-31 19:21:39","0","YKNYSA5401"
"1183","Kolomani Company","RSA",,"2018-03-31 19:21:39","0","YKOLOM2201"
"1184","Kuni Company","RSA",,"2018-03-31 19:21:39","0","YKUNIC1501"
"1185","Kuyasa Branch","RSA",,"2018-03-31 19:21:39","0","YKUYAS5301"
"1186","Kwaaiman Branch","RSA",,"2018-03-31 19:21:40","0","YKWAAI6301"
"1187","Lamberts Bay Branch","RSA",,"2018-03-31 19:21:40","0","YLAMBE6501"
"1188","Leiden","RSA",,"2018-03-31 19:21:40","0","YLEIDE4301"
"1189","Lewis Company","RSA",,"2018-03-31 19:21:40","0","YLEWIS4801"
"1190","Lindani Branch","RSA",,"2019-05-20 14:57:10","1","YLINDA5801"
"1191","Lindokuhle Company","RSA",,"2018-03-31 19:21:40","0","YLINDO1201"
"1192","Loerie Company","RSA",,"2018-03-31 19:21:40","0","YLOERI3501"
"1193","Lubalele","RSA",,"2018-03-31 19:21:40","0","YLUBAL481"
"1194","Lugangeni Branch","RSA",,"2018-03-31 19:21:40","0","YLUGAN101"
"1195","Lujecweni Company","RSA",,"2018-03-31 19:21:40","0","YLUJEC2101"
"1196","Lusaka","RSA",,"2018-03-31 19:21:40","0","YLUS1001"
"1197","Luyengweni Company","RSA",,"2018-03-31 19:21:40","0","YLUYEN101"
"1198","Lwandlana Company","RSA",,"2018-03-31 19:21:40","0","YLWAND101"
"1199","Mabeleni Company","RSA",,"2018-03-31 19:21:40","0","YMABEL2801"
"1200","Macibe Church","RSA",,"2018-03-31 19:21:40","0","YMACIB801"
"1201","Madeira Branch","RSA",,"2018-03-31 19:21:40","0","YMAD2201"
"1202","Magalakaleng Branch","RSA",,"2018-03-31 19:21:40","0","YMAGAL1201"
"1203","Malangeni Company","RSA",,"2018-03-31 19:21:40","0","YMALAN1701"
"1204","Mamfengwini Company","RSA",,"2018-03-31 19:21:40","0","YMAMFE1701"
"1205","Mamre Company","RSA",,"2018-03-31 19:21:40","0","YMAMRE6101"
"1206","Mandleni Company","RSA",,"2018-03-31 19:21:40","0","YMANDL101"
"1207","Mangodini Branch","RSA",,"2018-06-05 16:11:24","1","YMANGO801"
"1208","Mangqofoza","RSA",,"2018-03-31 19:21:40","0","YMANGQE01"
"1209","Mantlaneni Company","RSA",,"2018-03-31 19:21:40","0","YMANTL1701"
"1210","Mantusini Company","RSA",,"2018-03-31 19:21:40","0","YMANTU1701"
"1211","Manyano Company","RSA",,"2018-03-31 19:21:40","0","YMANYA3301"
"1212","Matyeba Branch","RSA",,"2018-03-31 19:21:40","0","YMATYE6301"
"1213","Mazeni Branch","RSA",,"2018-03-31 19:21:41","0","YMAZEN1301"
"1214","Mbashe Company","RSA",,"2018-03-31 19:21:41","0","YMBASH2801"
"1215","Mbekweni Company (er) Filadelfi","RSA",,"2018-03-31 19:21:41","0","YMBEKW1601"
"1216","Mbizweni Company","RSA",,"2018-03-31 19:21:41","0","YMBIZW101"
"1217","Mbongweni Branch","RSA",,"2018-03-31 19:21:41","0","YMBONG1301"
"1218","Mbono Company","RSA",,"2018-03-31 19:21:41","0","YMBONO2101"
"1219","Mcwabantsasa Company","RSA",,"2018-03-31 19:21:41","0","YMCWAB1701"
"1220","Mdeni Branch","RSA",,"2018-03-31 19:21:41","0","YMDENI2101"
"1221","Mdingi Company","RSA",,"2018-03-31 19:21:41","0","YMDI5201"
"1222","Mdlokovana Company","RSA",,"2018-03-31 19:21:41","0","YMDLOK1201"
"1223","Melkbosstrand Branch","RSA",,"2018-03-31 19:21:41","0","YMELKB6101"
"1224","Mgojweni Company","RSA",,"2018-03-31 19:21:41","0","YMGOJW2101"
"1225","Mhlokwana Branch","RSA",,"2018-03-31 19:21:41","0","YMHLOK1901"
"1226","Michausdal Company","RSA",,"2018-03-31 19:21:41","0","YMICHA3901"
"1227","Middelburg Company","RSA",,"2018-03-31 19:21:41","0","YMIDDE3901"
"1228","Mkhambathi Branch","RSA",,"2018-03-31 19:21:41","0","YMKHAB1201"
"1229","Mount Ayliff Branch","RSA",,"2018-03-31 19:21:41","0","YMOUNT1301"
"1230","Mount Frere Branch (mzamo)","RSA",,"2018-03-31 19:21:41","0","YMOUNT1901"
"1231","Mpenduza Branch","RSA",,"2018-03-31 19:21:41","0","YMPEND801"
"1232","Mtshanyana Company","RSA",,"2018-03-31 19:21:41","0","YMTSHA2201"
"1233","Mvumelwano Branch","RSA",,"2018-03-31 19:21:41","0","YMVUME101"
"1234","Ndindindi Branch","RSA",,"2018-03-31 19:21:41","0","YNDIND1301"
"1235","Ngcabaza Company Kwt","RSA",,"2018-03-31 19:21:41","0","YNGCAB01"
"1236","Ngcakaza Company","RSA",,"2018-03-31 19:21:41","0","YNGCAKAW01"
"1237","Ngobosi Branch","RSA",,"2018-03-31 19:21:41","0","YNGOBO81"
"1238","Ngqamakhwe Company","RSA",,"2018-03-31 19:21:41","0","YNGQAM6301"
"1239","Ngqeleni Company","RSA",,"2018-03-31 19:21:41","0","YNGQEL6301"
"1240","Ngqowa Branch","RSA",,"2018-03-31 19:21:41","0","YNGQOW4801"
"1241","Ngxalathi Church","RSA",,"2018-03-31 19:21:41","0","YNGXAL801"
"1242","Njombela Company","RSA",,"2018-03-31 19:21:42","0","YNJOMB1701"
"1243","Nompumelelo Sda Company","RSA",,"2018-03-31 19:21:42","0","YNOMPU1501"
"1244","North Crest Company","RSA",,"2018-03-31 19:21:42","0","YNORTH6301"
"1245","Nqabayethemba Company","RSA",,"2018-03-31 19:21:42","0","YNQABA101"
"1247","Ntilini Branch","RSA",,"2018-03-31 19:21:42","0","YNTILI3701"
"1248","Ntlabeni Company","RSA",,"2018-03-31 19:21:42","0","YNTLAB101"
"1249","Ntlambonkulu Branch","RSA",,"2018-03-31 19:21:42","0","YNTLAM1801"
"1250","Ntlangano Branch","RSA",,"2018-03-31 19:21:42","0","YNTLAN101"
"1251","Ntsikelelo Company","RSA",,"2018-03-31 19:21:42","0","YNTSIK01"
"1252","Nxarhuni Branch","RSA",,"2018-03-31 19:21:42","0","YNXARH1601"
"1253","Nyanisweni Company","RSA",,"2018-03-31 19:21:42","0","YNYANI1901"
"1255","Pelandaba Branch","RSA",,"2018-03-31 19:21:42","0","YPELAN1201"
"1256","Plettenberg Bay Company","RSA",,"2018-03-31 19:21:42","0","YPLETT5401"
"1257","Port Nolloth Group","RSA",,"2018-03-31 19:21:42","0","YPORTN4101"
"1258","Port St Johns Company","RSA",,"2018-03-31 19:21:42","0","YPORTS1701"
"1259","Qeto Company","RSA",,"2018-03-31 19:21:42","0","YQETOC4801"
"1260","Qhugqwala Company","RSA",,"2018-03-31 19:21:42","0","YQHUGQ3301"
"1261","Qhuphu Company","RSA",,"2018-03-31 19:21:42","0","YQHUPH2801"
"1262","Qokolweni Company","RSA",,"2018-03-31 19:21:42","0","YQOKOL6301"
"1263","Qora Company","RSA",,"2018-03-31 19:21:42","0","YQORAC2801"
"1264","Qumbu Central Branch","RSA",,"2018-03-31 19:21:42","0","YQUMBU1901"
"1265","Qwesa Branch","RSA",,"2018-03-31 19:21:42","0","YQWESA101"
"1266","Qwidlana Branch","RSA",,"2018-03-31 19:21:42","0","YQWIDL01"
"1267","Rabe Sda Company","RSA",,"2018-03-31 19:21:42","0","YRABE3301"
"1268","Reeston Company","RSA",,"2018-03-31 19:21:42","0","YREEST1501"
"1269","Remnant Company","RSA",,"2018-03-31 19:21:43","0","YREMNA1201"
"1270","Rheenendal Company","RSA",,"2018-03-31 19:21:43","0","YRHEEN5601"
"1271","Rhoda Company","RSA",,"2018-03-31 19:21:43","0","YRHODA4801"
"1272","Riebeeck East Company","RSA",,"2018-03-31 19:21:43","0","YRIEBE201"
"1273","Rode Company","RSA",,"2018-03-31 19:21:43","0","YRODEC1901"
"1274","Saldanha Bay Company","RSA",,"2018-03-31 19:21:43","0","YSALDA6101"
"1275","Santa Branch","RSA",,"2018-03-31 19:21:43","0","YSANTA1501"
"1276","Sedgefield Company","RSA",,"2018-03-31 19:21:43","0","YSEDGE5401"
"1277","Shalom Company","RSA",,"2018-03-31 19:21:43","0","YSHALO6201"
"1278","Shayamoya Company","RSA",,"2018-03-31 19:21:43","0","YSHAYAE01"
"1279","Sheshegu Branch","RSA",,"2018-03-31 19:21:43","0","YSHESH3701"
"1280","Sidwadweni Company","RSA",,"2018-03-31 19:21:43","0","YSIDWA2201"
"1281","Sihlangulwe Company","RSA",,"2018-03-31 19:21:43","0","YSIH101"
"1282","Sikhokele Company","RSA",,"2018-03-31 19:21:43","0","YSIKHO4301"
"1283","Sinazo Company","RSA",,"2018-03-31 19:21:43","0","YSINAZ1801"
"1284","Siqhingeni Company","RSA",,"2018-03-31 19:21:43","0","YSIQHI101"
"1285","Site B Church","RSA",,"2018-03-31 19:21:43","0","YSITEB01"
"1286","St Helena Bay Company","RSA",,"2018-03-31 19:21:43","0","YST HE6401"
"1287","Stellenbosch Sdasm","RSA",,"2018-03-31 19:21:43","0","YSTELL2701"
"1288","Sterkstroom Company","RSA",,"2018-03-31 19:21:43","0","YSTERK2201"
"1289","Steynsburg","RSA",,"2018-03-31 19:21:43","0","YSTEYN3901"
"1290","Steytlerville Company","RSA",,"2018-03-31 19:21:43","0","YSTEYT4901"
"1291","Struisbaai Company","RSA",,"2018-03-31 19:21:43","0","YSTRUI4601"
"1292","Summerstrand Branch","RSA",,"2018-03-31 19:21:43","0","YSUMME301"
"1293","Sunnyside Company","RSA",,"2018-03-31 19:21:43","0","YSUNNY5901"
"1294","Swellendam Company","RSA",,"2018-03-31 19:21:43","0","YSWELL3401"
"1295","Tarkastad Company","RSA",,"2018-03-31 19:21:44","0","YTARKA2201"
"1296","Teko Corner Company","RSA",,"2018-03-31 19:21:44","0","YTEKOC801"
"1297","Tembisa Company","RSA",,"2018-03-31 19:21:44","0","YTEMBI3301"
"1298","The Original Sda Church","RSA",,"2018-03-31 19:21:44","0","YTHE OR2201"
"1299","Thornhill Branch","RSA",,"2018-03-31 19:21:44","0","YTHORN2201"
"1300","Tshatshu Company","RSA",,"2018-03-31 19:21:44","0","YTSHAT3301"
"1301","Tshisane Company","RSA",,"2018-03-31 19:21:44","0","YTSHIS1901"
"1302","Tsolo Company","RSA",,"2018-03-31 19:21:44","0","YTSOLO6301"
"1303","Tyholora Sda Branch","RSA",,"2018-03-31 19:21:44","0","YTYHOL5401"
"1304","Umhlanga Branch","RSA",,"2018-03-31 19:21:44","0","YUMHLA1301"
"1305","Unitra Branch","RSA",,"2018-03-31 19:21:44","0","YUNITR6301"
"1306","Upper Room Branch","RSA",,"2018-03-31 19:21:44","0","YUPPER4001"
"1307","Uwc Company","RSA",,"2018-03-31 19:21:44","0","YUWCC4301"
"1308","Vonqo Branch","RSA",,"2018-03-31 19:21:44","0","YVONQO2801"
"1309","Jasper Church (vukani)","RSA",,"2018-03-31 19:21:44","0","YVUKAN201"
"1310","Wallacedele Branch","RSA",,"2018-03-31 19:21:44","0","YWALLA1801"
"1311","Waterfall Company","RSA",,"2018-03-31 19:21:44","0","YWATER6301"
"1312","Wesbank Company","RSA",,"2018-03-31 19:21:44","0","YWESBA4301"
"1314","Wezo Company","RSA",,"2018-03-31 19:21:44","0","YWEZOC3701"
"1315","Willowvale Company","RSA",,"2018-03-31 19:21:44","0","YWILLO2801"
"1316","Xolani Branch","RSA",,"2018-03-31 19:21:44","0","YXOLAN1201"
"1317","Yadidiya Branch","RSA",,"2018-03-31 19:21:44","0","YYADID6201"
"1318","Zamokuhle Branch","RSA",,"2018-03-31 19:21:44","0","YZAMOK2101"
"1319","Zanokuhle Branch","RSA",,"2018-03-31 19:21:44","0","YZANOK1301"
"1320","Zazulwana Company","RSA",,"2018-03-31 19:21:44","0","YZAZUL801"
"1321","Zinyoka Company","RSA",,"2018-03-31 19:21:45","0","YZINYO13301"
"1322","Zinyosini Branch","RSA",,"2018-03-31 19:21:45","0","YZINYO1901"
"1323","Zizamele Company","RSA",,"2018-03-31 19:21:45","0","YZIZAM801"
"1325","Zulumuma Branch","RSA",,"2018-03-31 19:21:45","0","YZULUM2201"
"1326","Auction Road","RSA",,"2020-11-12 09:27:10","6","CAUCTI3101"
"1327","Vredendal Central","Vredendal","0000000","2019-03-07 10:37:03","40","CVREND6502"
"1328"," Stellenbosch / Idas Valley","7"," 0738838751","2020-03-27 15:41:08","0","CSTELLE01"
"1333","Westleigh play & learn ","Kabega","1","2020-05-07 18:52:26","0","AZSCS1"
"1334","New Brighton School","New Brighton","777","2020-07-15 18:47:16","0","AZSCN1"
